career,required_subjects,mapped_interest_career,mapped_employment_career,question_id,interest_question,career_options,career_name,sector,estimated_employment_rate,career_description,is_teaching_related
software engineer,"Computer Science, Further Mathematics, Mathematics, Physics","['software engineer', 'data analyst', 'lawyer', 'engineer']",software engineer,1,Do you enjoy solving problems and thinking logically?,"['software engineer', 'data analyst', 'lawyer', 'engineer']",software engineer,Technology,89,To be added...,False
data analyst,"Computer Science, Mathematics, Statistics","['software engineer', 'data analyst', 'lawyer', 'engineer']",data analyst,1,Do you enjoy solving problems and thinking logically?,"['software engineer', 'data analyst', 'lawyer', 'engineer']",data analyst,Technology,80,To be added...,False
lawyer,"Economics, English Literature, French, History","['software engineer', 'data analyst', 'lawyer', 'engineer']",lawyer,1,Do you enjoy solving problems and thinking logically?,"['software engineer', 'data analyst', 'lawyer', 'engineer']",lawyer,Legal,40,To be added...,False
engineer,"Chemistry, Mathematics, Physics, Technical Drawing","['software engineer', 'data analyst', 'lawyer', 'engineer']",software engineer,1,Do you enjoy solving problems and thinking logically?,"['software engineer', 'data analyst', 'lawyer', 'engineer']",software engineer,Technology,89,To be added...,False
medical doctor,"Biology, Chemistry, Physics","['medical doctor', 'nurse', 'psychologist', 'counselor']",doctor,2,Do you like helping people with their health or emotions?,"['medical doctor', 'nurse', 'psychologist', 'counselor']",doctor,Healthcare,89,To be added...,False
nurse,"Biology, Chemistry","['medical doctor', 'nurse', 'psychologist', 'counselor']",nurse,2,Do you like helping people with their health or emotions?,"['medical doctor', 'nurse', 'psychologist', 'counselor']",nurse,Healthcare,75,To be added...,False
psychologist,"Biology, Mathematics, Psychology","['medical doctor', 'nurse', 'psychologist', 'counselor']",psychologist,2,Do you like helping people with their health or emotions?,"['medical doctor', 'nurse', 'psychologist', 'counselor']",psychologist,Social Services,73,To be added...,False
counselor,"Biology, English Literature, Psychology","['medical doctor', 'nurse', 'psychologist', 'counselor']",sculptor,2,Do you like helping people with their health or emotions?,"['medical doctor', 'nurse', 'psychologist', 'counselor']",sculptor,Creative Arts,47,To be added...,False
teacher,Any Subject Studied At A-Level (Match To That Subject),"['teacher', 'lecturer', 'trainer', 'advisor']",teacher,3,"Do you enjoy teaching, mentoring, or guiding others?","['teacher', 'lecturer', 'trainer', 'advisor']",teacher,Education,77,To be added...,True
lecturer,Any Subject Studied At A-Level (Match To That Subject),"['teacher', 'lecturer', 'trainer', 'advisor']",lecturer,3,"Do you enjoy teaching, mentoring, or guiding others?","['teacher', 'lecturer', 'trainer', 'advisor']",lecturer,Education,80,To be added...,True
trainer,"Business, Education, Ict","['teacher', 'lecturer', 'trainer', 'advisor']",painter,3,"Do you enjoy teaching, mentoring, or guiding others?","['teacher', 'lecturer', 'trainer', 'advisor']",painter,Creative Arts,49,To be added...,True
advisor,"Economics, Education, Psychology, Sociology","['teacher', 'lecturer', 'trainer', 'advisor']",tailor,3,"Do you enjoy teaching, mentoring, or guiding others?","['teacher', 'lecturer', 'trainer', 'advisor']",tailor,Craftsmanship,58,To be added...,False
entrepreneur,"Business, Commerce, Economics, Mathematics","['entrepreneur', 'business manager', 'startup founder', 'marketing manager']",interpreter,4,Would you like to start or manage a business?,"['entrepreneur', 'business manager', 'startup founder', 'marketing manager']",interpreter,Language Services,40,To be added...,False
business manager,"Accounting, Commerce, Economics","['entrepreneur', 'business manager', 'startup founder', 'marketing manager']",logistics manager,4,Would you like to start or manage a business?,"['entrepreneur', 'business manager', 'startup founder', 'marketing manager']",logistics manager,Business,66,To be added...,False
startup founder,"Business, Computer Science, Economics","['entrepreneur', 'business manager', 'startup founder', 'marketing manager']",bartender,4,Would you like to start or manage a business?,"['entrepreneur', 'business manager', 'startup founder', 'marketing manager']",bartender,Hospitality,46,To be added...,False
marketing manager,"Business, Economics, English","['entrepreneur', 'business manager', 'startup founder', 'marketing manager']",marketing officer,4,Would you like to start or manage a business?,"['entrepreneur', 'business manager', 'startup founder', 'marketing manager']",marketing officer,Business,68,To be added...,False
mechanical engineer,"Mathematics, Physics, Technical Drawing","['mechanical engineer', 'technician', 'electrician', 'automotive engineer']",mechanical technician,5,"Are you interested in working with machines, electronics, or fixing things?","['mechanical engineer', 'technician', 'electrician', 'automotive engineer']",mechanical technician,Engineering,91,To be added...,False
technician,"Mathematics, Physics, Technical Drawing","['mechanical engineer', 'technician', 'electrician', 'automotive engineer']",lab technician,5,"Are you interested in working with machines, electronics, or fixing things?","['mechanical engineer', 'technician', 'electrician', 'automotive engineer']",lab technician,Science,48,To be added...,False
electrician,"Physics, Technical Drawing","['mechanical engineer', 'technician', 'electrician', 'automotive engineer']",electrician,5,"Are you interested in working with machines, electronics, or fixing things?","['mechanical engineer', 'technician', 'electrician', 'automotive engineer']",electrician,Technical Trades,51,To be added...,False
automotive engineer,"Mathematics, Physics, Technical Drawing","['mechanical engineer', 'technician', 'electrician', 'automotive engineer']",civil engineer,5,"Are you interested in working with machines, electronics, or fixing things?","['mechanical engineer', 'technician', 'electrician', 'automotive engineer']",civil engineer,Engineering,90,To be added...,False
graphic designer,"Art, English, Ict","['graphic designer', 'fashion designer', 'animator', 'music producer']",graphic designer,6,"Do you enjoy creating art, music, or visual designs?","['graphic designer', 'fashion designer', 'animator', 'music producer']",graphic designer,Creative Arts,43,To be added...,False
fashion designer,"Art, Entrepreneurship, Textiles","['graphic designer', 'fashion designer', 'animator', 'music producer']",fashion designer,6,"Do you enjoy creating art, music, or visual designs?","['graphic designer', 'fashion designer', 'animator', 'music producer']",fashion designer,Creative Arts,48,To be added...,False
animator,"Art, Computer Science","['graphic designer', 'fashion designer', 'animator', 'music producer']",animator,6,"Do you enjoy creating art, music, or visual designs?","['graphic designer', 'fashion designer', 'animator', 'music producer']",animator,Creative Arts,47,To be added...,False
music producer,"Ict, Music","['graphic designer', 'fashion designer', 'animator', 'music producer']",musician,6,"Do you enjoy creating art, music, or visual designs?","['graphic designer', 'fashion designer', 'animator', 'music producer']",musician,Creative Arts,46,To be added...,False
journalist,"English, History, Literature","['journalist', 'author', 'copywriter', 'editor']",journalist,7,"Are you interested in writing, reading, or telling stories?","['journalist', 'author', 'copywriter', 'editor']",journalist,Media,44,To be added...,False
author,"English, Literature, Philosophy","['journalist', 'author', 'copywriter', 'editor']",actor,7,"Are you interested in writing, reading, or telling stories?","['journalist', 'author', 'copywriter', 'editor']",actor,Creative Arts,55,To be added...,False
copywriter,"English, Literature","['journalist', 'author', 'copywriter', 'editor']",waiter,7,"Are you interested in writing, reading, or telling stories?","['journalist', 'author', 'copywriter', 'editor']",waiter,Hospitality,52,To be added...,False
editor,"English, Literature","['journalist', 'author', 'copywriter', 'editor']",editor,7,"Are you interested in writing, reading, or telling stories?","['journalist', 'author', 'copywriter', 'editor']",editor,Media,52,To be added...,False
tour guide,"English, French, Geography, History","['tour guide', 'travel blogger', 'flight attendant', 'cultural ambassador']",tour guide,8,Do you want to travel and explore new cultures?,"['tour guide', 'travel blogger', 'flight attendant', 'cultural ambassador']",tour guide,Tourism,43,To be added...,False
travel blogger,"English, Geography, Ict","['tour guide', 'travel blogger', 'flight attendant', 'cultural ambassador']",hotel manager,8,Do you want to travel and explore new cultures?,"['tour guide', 'travel blogger', 'flight attendant', 'cultural ambassador']",hotel manager,Tourism,49,To be added...,False
flight attendant,"English, French, Geography","['tour guide', 'travel blogger', 'flight attendant', 'cultural ambassador']",flight attendant,8,Do you want to travel and explore new cultures?,"['tour guide', 'travel blogger', 'flight attendant', 'cultural ambassador']",flight attendant,Transport,41,To be added...,False
cultural ambassador,"English, Geography, History","['tour guide', 'travel blogger', 'flight attendant', 'cultural ambassador']",doctor,8,Do you want to travel and explore new cultures?,"['tour guide', 'travel blogger', 'flight attendant', 'cultural ambassador']",doctor,Healthcare,89,To be added...,False
social worker,"English, Psychology, Sociology","['lawyer', 'social worker', 'policy analyst', 'human rights advocate']",social worker,9,"Are you passionate about justice, laws, or human rights?","['lawyer', 'social worker', 'policy analyst', 'human rights advocate']",social worker,Social Services,64,To be added...,False
policy analyst,"Economics, History, Political Science","['lawyer', 'social worker', 'policy analyst', 'human rights advocate']",cybersecurity analyst,9,"Are you passionate about justice, laws, or human rights?","['lawyer', 'social worker', 'policy analyst', 'human rights advocate']",cybersecurity analyst,Technology,80,To be added...,False
human rights advocate,"History, Law, Political Science","['lawyer', 'social worker', 'policy analyst', 'human rights advocate']",doctor,9,"Are you passionate about justice, laws, or human rights?","['lawyer', 'social worker', 'policy analyst', 'human rights advocate']",doctor,Healthcare,89,To be added...,False
accountant,"Accounting, Economics, Mathematics","['accountant', 'financial analyst', 'banker', 'economist']",accountant,10,"Would you like to work with money, budgeting, or finance?","['accountant', 'financial analyst', 'banker', 'economist']",accountant,Finance,60,To be added...,False
financial analyst,"Accounting, Economics, Mathematics","['accountant', 'financial analyst', 'banker', 'economist']",data analyst,10,"Would you like to work with money, budgeting, or finance?","['accountant', 'financial analyst', 'banker', 'economist']",data analyst,Technology,80,To be added...,False
banker,"Commerce, Economics, Mathematics","['accountant', 'financial analyst', 'banker', 'economist']",bank teller,10,"Would you like to work with money, budgeting, or finance?","['accountant', 'financial analyst', 'banker', 'economist']",bank teller,Finance,62,To be added...,False
economist,"Economics, Mathematics, Statistics","['accountant', 'financial analyst', 'banker', 'economist']",economist,10,"Would you like to work with money, budgeting, or finance?","['accountant', 'financial analyst', 'banker', 'economist']",economist,Finance,72,To be added...,False
agricultural engineer,"Agriculture, Biology, Chemistry","['agricultural engineer', 'environmental scientist', 'geologist', 'wildlife officer']",civil engineer,11,Do you enjoy working outdoors or with nature?,"['agricultural engineer', 'environmental scientist', 'geologist', 'wildlife officer']",civil engineer,Engineering,90,To be added...,False
environmental scientist,"Biology, Chemistry, Geography","['agricultural engineer', 'environmental scientist', 'geologist', 'wildlife officer']",environmental scientist,11,Do you enjoy working outdoors or with nature?,"['agricultural engineer', 'environmental scientist', 'geologist', 'wildlife officer']",environmental scientist,Science,51,To be added...,False
geologist,"Geography, Geology, Physics","['fashion designer', 'makeup artist', 'cosmetologist', 'beauty consultant']",geologist,22,"Are you interested in fashion, beauty, or personal care?","['fashion designer', 'makeup artist', 'cosmetologist', 'beauty consultant']",geologist,Science,48,To be added...,False
wildlife officer,"Biology, Geography","['agricultural engineer', 'environmental scientist', 'geologist', 'wildlife officer']",police officer,11,Do you enjoy working outdoors or with nature?,"['agricultural engineer', 'environmental scientist', 'geologist', 'wildlife officer']",police officer,Public Service,67,To be added...,False
community development officer,"Economics, Geography, Sociology","['community development officer', 'ngo worker', 'public administrator', 'policy advisor']",police officer,12,Do you want to help improve your community or country?,"['community development officer', 'ngo worker', 'public administrator', 'policy advisor']",police officer,Public Service,67,To be added...,False
ngo worker,"Development Studies, English, Sociology","['lawyer', 'social worker', 'policy analyst', 'human rights advocate']",ngo worker,9,"Are you passionate about justice, laws, or human rights?","['lawyer', 'social worker', 'policy analyst', 'human rights advocate']",ngo worker,Social Services,63,To be added...,False
public administrator,"Civic Education, Economics, Geography","['community development officer', 'ngo worker', 'public administrator', 'policy advisor']",network administrator,12,Do you want to help improve your community or country?,"['community development officer', 'ngo worker', 'public administrator', 'policy advisor']",network administrator,Technology,86,To be added...,False
policy advisor,"Economics, History, Political Science","['community development officer', 'ngo worker', 'public administrator', 'policy advisor']",editor,12,Do you want to help improve your community or country?,"['community development officer', 'ngo worker', 'public administrator', 'policy advisor']",editor,Media,52,To be added...,False
project manager,"Business, Ict, Mathematics","['project manager', 'operations manager', 'hr manager', 'administrator']",hotel manager,13,"Do you like managing people, schedules, or resources?","['project manager', 'operations manager', 'hr manager', 'administrator']",hotel manager,Tourism,49,To be added...,False
operations manager,"Business, Economics, Mathematics","['project manager', 'operations manager', 'hr manager', 'administrator']",logistics manager,13,"Do you like managing people, schedules, or resources?","['project manager', 'operations manager', 'hr manager', 'administrator']",logistics manager,Business,66,To be added...,False
hr manager,"Business, English, Psychology","['project manager', 'operations manager', 'hr manager', 'administrator']",logistics manager,13,"Do you like managing people, schedules, or resources?","['project manager', 'operations manager', 'hr manager', 'administrator']",logistics manager,Business,66,To be added...,False
administrator,"Business, Economics, Ict","['community development officer', 'ngo worker', 'public administrator', 'policy advisor']",network administrator,12,Do you want to help improve your community or country?,"['community development officer', 'ngo worker', 'public administrator', 'policy advisor']",network administrator,Technology,86,To be added...,False
biologist,"Biology, Chemistry","['biologist', 'physiotherapist', 'pharmacist', 'biomedical scientist']",biologist,14,Are you interested in understanding how the human body works?,"['biologist', 'physiotherapist', 'pharmacist', 'biomedical scientist']",biologist,Science,52,To be added...,False
physiotherapist,"Biology, Chemistry, Physics","['biologist', 'physiotherapist', 'pharmacist', 'biomedical scientist']",physicist,14,Are you interested in understanding how the human body works?,"['biologist', 'physiotherapist', 'pharmacist', 'biomedical scientist']",physicist,Science,46,To be added...,False
pharmacist,"Biology, Chemistry, Mathematics","['biologist', 'physiotherapist', 'pharmacist', 'biomedical scientist']",pharmacist,14,Are you interested in understanding how the human body works?,"['biologist', 'physiotherapist', 'pharmacist', 'biomedical scientist']",pharmacist,Healthcare,92,To be added...,False
biomedical scientist,"Biology, Chemistry, Physics","['biologist', 'physiotherapist', 'pharmacist', 'biomedical scientist']",dentist,14,Are you interested in understanding how the human body works?,"['biologist', 'physiotherapist', 'pharmacist', 'biomedical scientist']",dentist,Healthcare,80,To be added...,False
architect,"Mathematics, Physics, Technical Drawing","['architect', 'civil engineer', 'construction manager', 'urban planner']",architect,15,Do you enjoy building or designing physical structures?,"['architect', 'civil engineer', 'construction manager', 'urban planner']",architect,Engineering,95,To be added...,False
civil engineer,"Mathematics, Physics, Technical Drawing","['architect', 'civil engineer', 'construction manager', 'urban planner']",civil engineer,15,Do you enjoy building or designing physical structures?,"['architect', 'civil engineer', 'construction manager', 'urban planner']",civil engineer,Engineering,90,To be added...,False
construction manager,"Geography, Mathematics, Technical Drawing","['architect', 'civil engineer', 'construction manager', 'urban planner']",hotel manager,15,Do you enjoy building or designing physical structures?,"['architect', 'civil engineer', 'construction manager', 'urban planner']",hotel manager,Tourism,49,To be added...,False
urban planner,"Economics, Geography, Mathematics","['architect', 'civil engineer', 'construction manager', 'urban planner']",urban planner,15,Do you enjoy building or designing physical structures?,"['architect', 'civil engineer', 'construction manager', 'urban planner']",urban planner,Engineering,94,To be added...,False
police officer,"Civic Education, English, Geography","['police officer', 'firefighter', 'security officer', 'military personnel']",police officer,16,Would you like to protect others and enforce rules?,"['police officer', 'firefighter', 'security officer', 'military personnel']",police officer,Public Service,67,To be added...,False
firefighter,"Chemistry, Physics","['police officer', 'firefighter', 'security officer', 'military personnel']",firefighter,16,Would you like to protect others and enforce rules?,"['police officer', 'firefighter', 'security officer', 'military personnel']",firefighter,Public Service,64,To be added...,False
security officer,"Civic Education, English","['police officer', 'firefighter', 'security officer', 'military personnel']",customs officer,16,Would you like to protect others and enforce rules?,"['police officer', 'firefighter', 'security officer', 'military personnel']",customs officer,Public Service,73,To be added...,False
military personnel,"Geography, Mathematics, Physics","['police officer', 'firefighter', 'security officer', 'military personnel']",pilot,16,Would you like to protect others and enforce rules?,"['police officer', 'firefighter', 'security officer', 'military personnel']",pilot,Transport,45,To be added...,False
software developer,"Computer Science, Mathematics","['software developer', 'web developer', 'system analyst', 'ai engineer']",web developer,17,"Are you passionate about computers, coding, or software?","['software developer', 'web developer', 'system analyst', 'ai engineer']",web developer,Technology,81,To be added...,False
web developer,"Computer Science, Ict","['software developer', 'web developer', 'system analyst', 'ai engineer']",web developer,17,"Are you passionate about computers, coding, or software?","['software developer', 'web developer', 'system analyst', 'ai engineer']",web developer,Technology,81,To be added...,False
system analyst,"Computer Science, Mathematics","['software developer', 'web developer', 'system analyst', 'ai engineer']",cybersecurity analyst,17,"Are you passionate about computers, coding, or software?","['software developer', 'web developer', 'system analyst', 'ai engineer']",cybersecurity analyst,Technology,80,To be added...,False
ai engineer,"Computer Science, Mathematics, Physics","['software developer', 'web developer', 'system analyst', 'ai engineer']",software engineer,17,"Are you passionate about computers, coding, or software?","['software developer', 'web developer', 'system analyst', 'ai engineer']",software engineer,Technology,89,To be added...,False
research scientist,"Biology, Chemistry, Physics","['research scientist', 'lab technician', 'physicist', 'chemist']",dentist,18,Do you want to make discoveries in science or research?,"['research scientist', 'lab technician', 'physicist', 'chemist']",dentist,Healthcare,80,To be added...,False
lab technician,"Biology, Chemistry","['research scientist', 'lab technician', 'physicist', 'chemist']",lab technician,18,Do you want to make discoveries in science or research?,"['research scientist', 'lab technician', 'physicist', 'chemist']",lab technician,Science,48,To be added...,False
physicist,"Mathematics, Physics","['research scientist', 'lab technician', 'physicist', 'chemist']",physicist,18,Do you want to make discoveries in science or research?,"['research scientist', 'lab technician', 'physicist', 'chemist']",physicist,Science,46,To be added...,False
chemist,"Chemistry, Mathematics","['research scientist', 'lab technician', 'physicist', 'chemist']",chemist,18,Do you want to make discoveries in science or research?,"['research scientist', 'lab technician', 'physicist', 'chemist']",chemist,Science,40,To be added...,False
trade analyst,"Economics, Mathematics","['economist', 'trade analyst', 'entrepreneur', 'investment advisor']",cybersecurity analyst,19,"Are you interested in the economy, trade, or entrepreneurship?","['economist', 'trade analyst', 'entrepreneur', 'investment advisor']",cybersecurity analyst,Technology,80,To be added...,False
investment advisor,"Accounting, Business, Economics","['economist', 'trade analyst', 'entrepreneur', 'investment advisor']",editor,19,"Are you interested in the economy, trade, or entrepreneurship?","['economist', 'trade analyst', 'entrepreneur', 'investment advisor']",editor,Media,52,To be added...,False
digital marketer,"Business, English, Ict","['digital marketer', 'content creator', 'influencer', 'seo specialist']",carpenter,20,Do you enjoy using social media or creating online content?,"['digital marketer', 'content creator', 'influencer', 'seo specialist']",carpenter,Technical Trades,58,To be added...,False
content creator,"Art, English, Ict","['digital marketer', 'content creator', 'influencer', 'seo specialist']",actor,20,Do you enjoy using social media or creating online content?,"['digital marketer', 'content creator', 'influencer', 'seo specialist']",actor,Creative Arts,55,To be added...,False
influencer,"English, Ict","['digital marketer', 'content creator', 'influencer', 'seo specialist']",software engineer,20,Do you enjoy using social media or creating online content?,"['digital marketer', 'content creator', 'influencer', 'seo specialist']",software engineer,Technology,89,To be added...,False
seo specialist,"Computer Science, Ict","['digital marketer', 'content creator', 'influencer', 'seo specialist']",it support specialist,20,Do you enjoy using social media or creating online content?,"['digital marketer', 'content creator', 'influencer', 'seo specialist']",it support specialist,Technology,80,To be added...,False
veterinarian,"Biology, Chemistry","['veterinarian', 'animal scientist', 'zoologist', 'wildlife conservationist']",veterinarian,21,Would you like to work with animals?,"['veterinarian', 'animal scientist', 'zoologist', 'wildlife conservationist']",veterinarian,Healthcare,90,To be added...,False
animal scientist,"Agriculture, Biology","['veterinarian', 'animal scientist', 'zoologist', 'wildlife conservationist']",dentist,21,Would you like to work with animals?,"['veterinarian', 'animal scientist', 'zoologist', 'wildlife conservationist']",dentist,Healthcare,80,To be added...,False
zoologist,"Biology, Geography","['medical doctor', 'nurse', 'psychologist', 'counselor']",zoologist,2,Do you like helping people with their health or emotions?,"['medical doctor', 'nurse', 'psychologist', 'counselor']",zoologist,Science,58,To be added...,False
wildlife conservationist,"Biology, Geography","['veterinarian', 'animal scientist', 'zoologist', 'wildlife conservationist']",midwife,21,Would you like to work with animals?,"['veterinarian', 'animal scientist', 'zoologist', 'wildlife conservationist']",midwife,Healthcare,81,To be added...,False
makeup artist,"Art, Chemistry","['fashion designer', 'makeup artist', 'cosmetologist', 'beauty consultant']",dentist,22,"Are you interested in fashion, beauty, or personal care?","['fashion designer', 'makeup artist', 'cosmetologist', 'beauty consultant']",dentist,Healthcare,80,To be added...,False
cosmetologist,"Biology, Chemistry","['fashion designer', 'makeup artist', 'cosmetologist', 'beauty consultant']",geologist,22,"Are you interested in fashion, beauty, or personal care?","['fashion designer', 'makeup artist', 'cosmetologist', 'beauty consultant']",geologist,Science,48,To be added...,False
beauty consultant,"Biology, Entrepreneurship","['fashion designer', 'makeup artist', 'cosmetologist', 'beauty consultant']",accountant,22,"Are you interested in fashion, beauty, or personal care?","['fashion designer', 'makeup artist', 'cosmetologist', 'beauty consultant']",accountant,Finance,60,To be added...,False
therapist,"Biology, Psychology","['biologist', 'physiotherapist', 'pharmacist', 'biomedical scientist']",pharmacist,14,Are you interested in understanding how the human body works?,"['biologist', 'physiotherapist', 'pharmacist', 'biomedical scientist']",pharmacist,Healthcare,92,To be added...,False
life coach,"English, Psychology","['counselor', 'social worker', 'therapist', 'life coach']",chef,23,Do you like helping people with personal issues?,"['counselor', 'social worker', 'therapist', 'life coach']",chef,Hospitality,43,To be added...,False
statistician,"Mathematics, Statistics","['statistician', 'mathematician', 'data scientist', 'actuary']",statistician,24,Do you enjoy working with numbers and patterns?,"['statistician', 'mathematician', 'data scientist', 'actuary']",statistician,Math & Statistics,55,To be added...,False
mathematician,"Further Mathematics, Mathematics","['statistician', 'mathematician', 'data scientist', 'actuary']",mathematician,24,Do you enjoy working with numbers and patterns?,"['statistician', 'mathematician', 'data scientist', 'actuary']",mathematician,Math & Statistics,44,To be added...,False
data scientist,"Computer Science, Mathematics, Statistics","['statistician', 'mathematician', 'data scientist', 'actuary']",environmental scientist,24,Do you enjoy working with numbers and patterns?,"['statistician', 'mathematician', 'data scientist', 'actuary']",environmental scientist,Science,51,To be added...,False
actuary,"Economics, Mathematics, Statistics","['statistician', 'mathematician', 'data scientist', 'actuary']",actor,24,Do you enjoy working with numbers and patterns?,"['statistician', 'mathematician', 'data scientist', 'actuary']",actor,Creative Arts,55,To be added...,False
tv presenter,"English, Literature","['tv presenter', 'actor', 'radio host', 'film director']",tv presenter,25,Would you like to work in the media or entertainment industry?,"['tv presenter', 'actor', 'radio host', 'film director']",tv presenter,Media,59,To be added...,False
actor,"Drama, English","['tv presenter', 'actor', 'radio host', 'film director']",actor,25,Would you like to work in the media or entertainment industry?,"['tv presenter', 'actor', 'radio host', 'film director']",actor,Creative Arts,55,To be added...,False
radio host,"Communication Skills, English","['tv presenter', 'actor', 'radio host', 'film director']",radio host,25,Would you like to work in the media or entertainment industry?,"['tv presenter', 'actor', 'radio host', 'film director']",radio host,Media,57,To be added...,False
film director,"Art, English, Ict","['tv presenter', 'actor', 'radio host', 'film director']",actor,25,Would you like to work in the media or entertainment industry?,"['tv presenter', 'actor', 'radio host', 'film director']",actor,Creative Arts,55,To be added...,False
conservationist,"Biology, Geography","['veterinarian', 'animal scientist', 'zoologist', 'wildlife conservationist']",economist,21,Would you like to work with animals?,"['veterinarian', 'animal scientist', 'zoologist', 'wildlife conservationist']",economist,Finance,72,To be added...,False
ecologist,"Biology, Geography","['medical doctor', 'nurse', 'psychologist', 'counselor']",geologist,2,Do you like helping people with their health or emotions?,"['medical doctor', 'nurse', 'psychologist', 'counselor']",geologist,Science,48,To be added...,False
climate analyst,"Environmental Science, Geography","['environmental scientist', 'conservationist', 'ecologist', 'climate analyst']",data analyst,26,Are you passionate about the environment and sustainability?,"['environmental scientist', 'conservationist', 'ecologist', 'climate analyst']",data analyst,Technology,80,To be added...,False
robotics technician,"Computer Science, Mathematics, Physics","['electronics engineer', 'repair technician', 'robotics technician', 'hardware engineer']",lab technician,27,Do you enjoy making or fixing electronic gadgets?,"['electronics engineer', 'repair technician', 'robotics technician', 'hardware engineer']",lab technician,Science,48,To be added...,False
hardware engineer,"Computer Science, Mathematics, Physics","['electronics engineer', 'repair technician', 'robotics technician', 'hardware engineer']",software engineer,27,Do you enjoy making or fixing electronic gadgets?,"['electronics engineer', 'repair technician', 'robotics technician', 'hardware engineer']",software engineer,Technology,89,To be added...,False
primary school teacher,Any Subject Studied At A-Level (Match To That Subject),"['primary school teacher', 'child psychologist', 'daycare worker', 'educational consultant']",primary school teacher,28,Do you want to help children learn and grow?,"['primary school teacher', 'child psychologist', 'daycare worker', 'educational consultant']",primary school teacher,Education,87,To be added...,True
child psychologist,"Biology, Psychology","['primary school teacher', 'child psychologist', 'daycare worker', 'educational consultant']",psychologist,28,Do you want to help children learn and grow?,"['primary school teacher', 'child psychologist', 'daycare worker', 'educational consultant']",psychologist,Social Services,73,To be added...,False
daycare worker,"English, Psychology","['primary school teacher', 'child psychologist', 'daycare worker', 'educational consultant']",ngo worker,28,Do you want to help children learn and grow?,"['primary school teacher', 'child psychologist', 'daycare worker', 'educational consultant']",ngo worker,Social Services,63,To be added...,False
educational consultant,"Education, English, Ict","['primary school teacher', 'child psychologist', 'daycare worker', 'educational consultant']",accountant,28,Do you want to help children learn and grow?,"['primary school teacher', 'child psychologist', 'daycare worker', 'educational consultant']",accountant,Finance,60,To be added...,False
astronomer,"Mathematics, Physics","['astronomer', 'aerospace engineer', 'pilot', 'satellite technician']",construction worker,29,Would you like to explore space or aviation?,"['astronomer', 'aerospace engineer', 'pilot', 'satellite technician']",construction worker,Construction,52,To be added...,False
aerospace engineer,"Mathematics, Physics","['astronomer', 'aerospace engineer', 'pilot', 'satellite technician']",devops engineer,29,Would you like to explore space or aviation?,"['astronomer', 'aerospace engineer', 'pilot', 'satellite technician']",devops engineer,Technology,77,To be added...,False
pilot,"Geography, Mathematics, Physics","['astronomer', 'aerospace engineer', 'pilot', 'satellite technician']",pilot,29,Would you like to explore space or aviation?,"['astronomer', 'aerospace engineer', 'pilot', 'satellite technician']",pilot,Transport,45,To be added...,False
satellite technician,"Computer Science, Physics","['astronomer', 'aerospace engineer', 'pilot', 'satellite technician']",lab technician,29,Would you like to explore space or aviation?,"['astronomer', 'aerospace engineer', 'pilot', 'satellite technician']",lab technician,Science,48,To be added...,False
machine learning engineer,"Computer Science, Mathematics, Statistics","['ai engineer', 'robotics developer', 'machine learning engineer', 'automation specialist']",civil engineer,30,Are you interested in using AI or robotics to solve problems?,"['ai engineer', 'robotics developer', 'machine learning engineer', 'automation specialist']",civil engineer,Engineering,90,To be added...,False
automation specialist,"Computer Science, Mathematics, Physics","['ai engineer', 'robotics developer', 'machine learning engineer', 'automation specialist']",it support specialist,30,Are you interested in using AI or robotics to solve problems?,"['ai engineer', 'robotics developer', 'machine learning engineer', 'automation specialist']",it support specialist,Technology,80,To be added...,False
